Brand,Website,Country,Category,Active Meta ads,Video ads,New ads last 30d,Other paid channels,SKUs,Employees,Monthly visits,Amazon reviews (hero),Shopify Plus,Growth signals,Pays for creative,Creative gap,Video sourcing,Trigger event,DM name,DM title,DM LinkedIn,DM active 90d,2nd contact + email,Gatekeeper,Disqualified reason,Creative style,Suggested product (deep link),Product photo check,A Need /40,B Afford /25,C Fit /20,D Access /15,SCORE,Tier,PRIORITY,Priority Number
Thesis,takethesis.com,US,Nootropics,180,50,12,1,6,40,,,,1,N,4,Unknown,N,Dan Freed,Co-founder & CEO,linkedin.com/company/takethesis,Y,N,N,,Mixed,https://takethesis.com/products/clarity,Pass (3),32,10,4,11,57,B,Possible,3
beam,shopbeam.com,US,Gut/wellness powders,43,10,8,1,15,30,,,,1,Y,4,UGC creators,Y,Matt Lombardi,Co-founder,linkedin.com/in/matt-lombardi-1595494b,Y,N,N,,Mixed,https://shopbeam.com/products/mixed-berry-biotic-5-pack,Pass (7),34,15,16,11,76,A,Must target,1
BUBS Naturals,bubsnaturals.com,US,Collagen,65,40,0,1,10,25,,,,0,Y,4,UGC creators,N,Sean Lake,Co-founder & CEO,linkedin.com/in/sean-lake-4578596,Y,N,N,,Video-led,https://bubsnaturals.com/products/collagen-peptides,Pass (3),31,13,10,11,65,B,Strong,2
Vitauthority,vitauthority.com,US,Collagen/multi,210,20,10,1,30,20,,,,0,N,8,Unknown,N,Michael Rutigliano Jr,Verify role,linkedin.com/company/vitauthority,N,N,N,,Static,https://vitauthority.com/products/mcb-pdp-offer,Weak pass (2 clean),30,8,8,7,53,Park,Later,4
Obvi,myobvi.com,US,Collagen/weight,70,10,5,2,25,30,,,,2,N,8,In-house,Y,Ronak Shah,Co-founder & CEO,linkedin.com/in/ronak06,Y,N,N,,Static,https://myobvi.com/products/obvi-collagenic-fat-burner,"Pass (3, same angle)",29,12,14,11,66,B,Strong,2
Black Girl Vitamins,blackgirlvitamins.co,US,Multivitamins,580,150,5,1,12,25,,,,1,Y,4,UGC creators,N,Verify founder,Founder/CEO,linkedin.com/company/black-girl-vitamins,N,N,N,,Video-led,https://blackgirlvitamins.co/products/meno-chill,Pass (4),31,15,10,7,63,B,Possible,3
Codeage,codeage.com,US,Longevity/multi,35,15,0,2,100,40,,,,0,N,4,In-house,N,Augustin Quancard,Founder,linkedin.com/in/augustinquancard,N,N,N,,Static,https://www.codeage.com/products/liposomal-nmn-1000-capsule-supplement,Pass (3),29,8,4,7,48,Park,Later,4
GEM,dailygem.com,US,Real-food vitamin bites,16,0,3,0,6,20,,,,0,N,8,Unknown,Y,Sara Cullen,Founder & CEO,linkedin.com/in/cullensara,Y,N,N,,Static,https://dailygem.com/products/gem-daily-bite-28-count-pouch,Pass (5),17,8,14,11,50,Park,Later,4
Needed,thisisneeded.com,US,Prenatal/fertility,260,30,0,1,30,60,,,,1,N,8,In-house,N,Julie Sawaya,Co-founder & Co-CEO,linkedin.com/in/julie-sawaya-47a78a12,Y,N,N,,Static,https://thisisneeded.com/products/prenatal-vitamins-iron-dha,"Pass (3, same angle)",23,7,8,11,49,Park,Later,4
Kion,getkion.com,US,Aminos/EAA,47,5,0,1,12,25,,,,0,N,8,In-house,N,Angelo Keely,Co-founder & CEO,linkedin.com/company/getkion,Y,N,N,,Static,https://getkion.com/products/aminos-creatine,"Pass (4, same angle)",23,8,8,11,50,Park,Later,4
Just Thrive,justthrivehealth.com,US,Probiotics,81,10,0,1,15,40,,,,0,N,8,In-house,N,Tina Anderson,Co-founder,linkedin.com/company/just-thrive,Y,N,N,,Static,https://justthrivehealth.com/products/probiotic-gummies,Weak pass (front/back),23,8,8,11,50,Park,Later,4
Primal Harvest,primalharvest.com,US,Collagen/multi,97,10,0,1,25,40,,,,1,N,8,In-house,Y,Hamish Edridge,CEO (new),linkedin.com/company/prime6brands,N,N,Y,,Static,https://primalharvest.com/products/primal-collagen,Pass (4),23,10,14,4,51,Park,Later,4
Creatine Gummy,creatinegummies.com,US,Creatine gummies,23,0,0,1,3,8,,,,1,N,8,Unknown,N,Not found,,,Not found,N,N,,Static,https://www.creatinegummies.com/products/creatine-gummies,Pass (3),16,7,8,3,34,Park,Unlikely,5
True Sea Moss,trueseamoss.com,US,Sea moss gel,960,500,0,2,15,30,,,,1,N,4,Unknown,N,Ivan Tsvilik,Founder,linkedin.com/in/ivantsvilik,N,N,N,,Video-led,https://trueseamoss.com/products/sea-moss-gel-superfood-surprise,Pass (4),33,10,4,7,54,Park,Later,4
Double Wood Supplements,doublewoodsupplements.com,US,Single-ingredient supplements,12,0,4,1,100,25,,,,0,N,8,In-house,N,Reese Wood,Co-founder,linkedin.com/in/reese-wood-36a51099,N,N,N,,Static,https://doublewoodsupplements.com/products/magnesium-glycinate-extra-strength,"Weak pass (3, same angle)",22,8,8,7,45,Park,Later,4
Legion Athletics,legionathletics.com,US,Sports nutrition,370,30,0,2,40,60,,,,0,N,8,In-house,N,Mike Matthews,Founder,linkedin.com/company/legion-athletics,Y,N,N,,Static,https://legionathletics.com/products/supplements/whey-protein-powder/,FAIL / unverified (1),25,5,8,11,49,Park,Later,4
Perelel,perelelhealth.com,US,Prenatal,410,40,0,1,20,50,,,,1,N,8,In-house,N,Alex Taylor,Co-founder & CEO,linkedin.com/company/perelel,Y,N,N,,Static,https://perelelhealth.com/products/essential-1st-trimester-prenatal-vitamin-bundle,FAIL (1),23,10,8,11,52,Park,Later,4
Arrae,arrae.com,US,Gut/metabolic gummies,980,700,40,2,12,60,,,,2,Y,4,UGC creators,Y,Siffat Haider,Co-founder,linkedin.com/company/arrae,Y,N,N,,Video-led,https://arrae.com/products/mb-1-max,Pass (5),40,14,16,11,81,A,Must target,1
NativePath,nativepath.com,US,Collagen/DR,730,100,0,2,30,80,,,,0,N,8,In-house,N,Chad Walding,Co-founder,linkedin.com/company/nativepath,N,N,N,,Static,https://www.nativepath.com/products/grass-fed-colostrum,Pass (4),25,5,8,7,45,Park,Later,4
Wonderbelly,wonderbelly.com,US,Antacid (OTC),20,15,3,1,6,20,,,,0,Y,4,UGC creators,N,Lucas Kraft,Founder,linkedin.com/in/lucas-kraft,Y,N,Y,Acquired by P&G (holding company),,,,28,13,10,8,0,Disqualified,Skip,6
Gruns,gruns.co,US,Greens gummies,1900,1500,20,2,5,120,,,,3,Y,0,UGC creators,Y,,,,Not found,N,N,"Too large (est. 100+ staff, heavily funded, polished in-house creative machine)",,,,38,10,12,3,0,Disqualified,Skip,6
Truvani,truvani.com,US,Protein/organic,1200,400,10,2,30,80,,,,0,Y,4,UGC creators,N,,,,Not found,N,N,Likely too large; verify size before outreach,,,,36,10,10,3,0,Disqualified,Skip,6
Naked Nutrition,nakednutrition.com,US,Protein/creatine,770,200,0,2,60,60,,,,0,N,4,In-house,N,,,,Not found,N,N,Likely too large; verify size before outreach,,,,29,5,4,3,0,Disqualified,Skip,6
Vitafive,vitafive.com,US,Gummies,0,0,0,0,10,10,,,,0,N,0,Unknown,N,,,,Not found,N,N,No Meta ads in last 90 days,,,,5,5,0,3,0,Disqualified,Skip,6
Rootine,rootine.co,US,Personalised vitamins,2,0,0,0,8,15,,,,0,N,0,Unknown,N,,,,Not found,N,N,No Meta ads in last 90 days (last creator ads Jul 2025),,,,8,8,0,3,0,Disqualified,Skip,6
Elm & Rye,elmandrye.com,US,Multi,0,0,0,0,20,15,,,,0,N,0,Unknown,N,,,,Not found,N,N,No Meta ads in last 90 days,,,,5,8,0,3,0,Disqualified,Skip,6
Sunwink,sunwink.com,US,Superfood powders,0,0,0,0,10,15,,,,0,N,0,Unknown,N,,,,Not found,N,N,No Meta ads in last 90 days,,,,5,8,0,3,0,Disqualified,Skip,6
Live Conscious,liveconscious.com,US,Collagen/multi,0,0,0,0,30,30,,,,0,N,0,Unknown,N,,,,Not found,N,N,No Meta ads found under this name (may run under another page); recheck,,,,5,8,0,3,0,Disqualified,Skip,6
Hilma,hilma.co,US,Natural remedies,3,0,0,0,10,20,,,,0,N,0,Unknown,N,,,,Not found,N,N,,,,,10,8,0,3,21,Park,Unlikely,5
Omni Creatine,omnicreatine.com,US,Creatine gummies,1500,1200,3,1,11,15,,,,1,Y,4,UGC creators,N,Not found,,,Not found,N,N,,Video-led,https://omnicreatine.com/products/omni-creatine-gummy-2,Pass (18) filenames,35,15,10,3,63,B,Possible,3
Crave Creatine,trycrave.com,US,Creatine gummies,530,500,0,1,2,8,,,,0,N,4,In-house,N,Not found,,,Not found,N,N,,Video-led,https://trycrave.com/products/crave-creatine-gummies,Pass (18) filenames,26,5,4,3,38,Park,Unlikely,5
Rho Nutrition,rhonutrition.com,US,Liposomal supplements,1500,1200,4,2,23,20,,,,2,Y,4,UGC creators,Y,Ryan Bishop,CEO & Co-founder,linkedin.com/in/ryan-bishop-6b7a8214b,Y,N,N,,Video-led,https://rhonutrition.com/products/tongkat-ali,Weak pass (3) filenames,37,17,16,11,81,A,Must target,1
Cowboy Colostrum,cowboycolostrum.com,US,Colostrum,300,250,6,2,21,20,,,,2,Y,4,UGC creators,Y,Jessy Shenfeld,Co-founder & CEO,linkedin.com/in/jessy-shenfeld-917525136,Y,Y,N,,Video-led,https://cowboycolostrum.com/products/cookies-cream-colostrum,Pass (8) filenames,40,17,16,15,88,A,Must target,1
Avantera,avanterahealth.com,US,Nootropics,380,300,0,1,31,15,,,,0,Y,4,UGC creators,N,Kristen Louelle Gaffney,Founder,linkedin.com/company/avantera-health,N,N,N,,Video-led,https://avanterahealth.com/products/elevate,Pass (5) filenames,31,13,10,7,61,B,Possible,3
Nello,drinknello.com,US,"Calm drink (ashwagandha, magnesium)",250,200,2,2,9,25,,,,2,N,4,In-house,Y,Not found,,,Not found,N,N,,Video-led,https://drinknello.com/products/supercalm-kp-redesign-4ct,Pass (16) filenames,35,12,10,3,60,B,Possible,3
We Heart Nutrition,weheartnutrition.com,US,Prenatal / magnesium,440,380,0,1,25,10,,,,0,Y,4,UGC creators,N,Jacob Willis,Co-founder / Owner,linkedin.com/in/weheart,N,N,N,,Video-led,https://weheartnutrition.com/products/wholesome-magnesium-glycinate,Pass (8) filenames,31,10,10,7,58,B,Possible,3
Nuora,mynuora.com,US,Women's probiotics / gut,1000,950,3,2,16,15,,,,1,Y,4,UGC creators,N,Not found,,,Not found,N,N,,Video-led,https://mynuora.com/products/feminine-balance-gummies-1,Pass (8) filenames,37,15,10,3,65,B,Strong,2
Instant Hydration,instanthydration.com,US,Electrolytes,570,500,2,2,13,12,,,,1,Y,4,UGC creators,N,Zachary Gordan,Co-founder,linkedin.com/in/zachary-gordan-20b368b1,N,N,N,,Video-led,https://instanthydration.com/products/premium-electrolyte-drink-mix,Pass (13) filenames,37,15,10,7,69,B,Strong,2
Rejuvia,rejuvia.co,US,Oral spray supplements,290,250,1,1,5,10,,,,1,N,4,In-house,N,RC Williams,Founder,,N,N,N,,Video-led,https://rejuvia.co/products/sleep-spray,Pass (4) filenames,33,7,4,7,51,Park,Later,4
BATCH,hellobatch.com,US,CBD / functional gummies,700,600,2,1,27,30,,,,1,N,4,In-house,N,Not found,,,Not found,N,N,,Video-led,https://hellobatch.com/products/nt-gummies-fb,Pass (6) filenames,35,10,4,3,52,Park,Later,4
Novali Health,novalihealthwellness.com,US,Kids detox gummies,310,280,0,2,16,8,,,,0,N,4,In-house,N,Not found,,,Not found,N,N,,Video-led,https://novalihealthwellness.com/products/kidsdetoxgummies-freeshipping,Pass (5) unverified,33,5,4,3,45,Park,Later,4
Create,trycreate.co,US,Creatine gummies,630,550,8,2,16,40,,,,3,Y,4,UGC creators,Y,Dan McCormick,CEO,linkedin.com/company/trycreate,Y,N,N,,Video-led,https://trycreate.co/products/ads-creatine-monohydrate-gummies,Pass (18) filenames,40,18,16,11,85,A,Must target,1
Cure Hydration,curehydration.com,US,Hydration,50,40,0,2,47,35,,,,1,N,4,In-house,N,Lauren Picasso,Founder & CEO,linkedin.com/in/laurenpicasso,Y,N,N,,Video-led,https://curehydration.com/products/tropical-variety-pack,Pass (6) unverified,33,10,4,11,58,B,Possible,3
Ultima Replenisher,ultimareplenisher.com,US,Electrolytes,170,120,1,2,23,40,,,,0,N,4,In-house,N,Not found,,,Not found,N,N,,Mixed,https://ultimareplenisher.com/products/passion-fruit-electrolyte-powder-drink,Pass (14) filenames,37,8,4,3,52,Park,Later,4
Kaged,kaged.com,US,Sports nutrition,410,200,0,2,40,60,,,,0,N,8,In-house,N,Not found,,,Not found,N,N,,Mixed,https://kaged.com/products/hydra-charge-30sv,Pass (22) filenames,29,5,8,3,45,Park,Later,4
Tasty Gains,tastygains.com,US,Creatine gummies,390,350,0,2,16,6,,,,1,N,4,In-house,Y,Not found,,,Not found,N,N,,Video-led,https://tastygains.com/products/creatine-gummies,Weak pass (3) filenames,33,7,10,3,53,Park,Later,4
Primal Queen,primalqueen.com,US,Beef organ (women),1400,1300,1,2,10,15,,,,1,Y,4,UGC creators,N,Abdurahim Shodmonov,Co-founder,linkedin.com/in/abdurahim-shodmonov-a60a2b164,N,Y,N,,Video-led,https://primalqueen.com/products/marrow-three-month,Pass (14) filenames,37,15,10,11,73,B,Strong,2
Ancestral Supplements,ancestralsupplements.com,US,Beef organ,300,200,2,2,20,45,,,,0,Y,4,UGC creators,N,Brian Johnson,Founder,linkedin.com/company/ancestral-supplements,N,N,N,,Video-led,https://ancestralsupplements.com/products/grassfed-beef-liver-supplement-1,Pass (6) filenames,37,13,10,7,67,B,Strong,2
Arctic Goddess,arcticgoddess.com,US,Women's hormone supplement,1800,900,0,1,1,8,,,,0,N,8,In-house,N,Not found,,,Not found,N,N,,Mixed,https://arcticgoddess.com/products/arctic-goddess,Pass (6) filenames,22,5,8,3,38,Park,Unlikely,5
Menerals,menerals.com,US,Men's minerals,690,600,0,1,1,5,,,,1,N,4,In-house,Y,Not found,,,Not found,N,N,,Video-led,https://menerals.com/products/menerals-30-day-supply-1,FAIL (2),26,7,10,3,46,Park,Later,4
RONE Nutrition,ronenutrition.com,US,Energy honey,720,650,1,1,6,8,,,,1,N,4,In-house,N,Not found,,,Not found,N,N,,Video-led,https://ronenutrition.com/products/hb-4,Pass (9) filenames,33,7,4,3,47,Park,Later,4
Feel Goods,feelgoods.co,US,Gut / hydration drink mixes,420,380,3,2,18,25,,,,2,N,4,In-house,N,Brian Wong,Co-founder,linkedin.com/company/feelgoods,N,N,N,,Video-led,https://feelgoods.co/products/digestion-varietypack,Pass unverified,37,12,4,7,60,B,Possible,3
Fernes,fernes.com,US,Colostrum,14,10,0,1,9,6,,,,0,N,4,In-house,N,Not found,,,Not found,N,N,,Mixed,https://fernes.com/products/bovine-colostrum-56-servings,Pass (5) filenames,24,5,4,3,36,Park,Unlikely,5
Neurolyfe,shopneurolyfe.com,US,Sleep gummies,410,300,0,2,2,5,,,,0,N,4,In-house,N,Not found,,,Not found,N,N,,Mixed,https://shopneurolyfe.com/products/sleep-well-gummies-adult,Weak pass (3) filenames,28,5,4,3,40,Park,Unlikely,5
Organics Ocean,organicsocean.com,US,Magnesium / D3,77,60,0,2,16,8,,,,0,N,4,In-house,N,Daniel G.,Founder,linkedin.com/in/oceandaniel,N,N,N,,Video-led,https://organicsocean.com/products/magnesium-glycinate-exclusive-black-friday-deal,Pass (6) filenames,33,5,4,7,49,Park,Later,4
Silver Fern Brand,silverfernbrand.com,US,Gut health,700,500,0,2,30,25,,,,0,N,4,In-house,N,Not found,,,Not found,N,N,,Video-led,https://www.silverfernbrand.com/products/womens-whole-food-multivitamin,Weak pass (3) unverified,33,8,4,3,48,Park,Later,4
Lymphoria,lymphoria.co,US,Lymphatic drops,3200,3000,5,2,5,10,,,,1,N,4,In-house,N,Not found,,,Not found,N,N,,Video-led,https://lymphoria.co/products/lymphoria-wellness-drops-1,Pass (6) unverified,35,7,4,3,49,Park,Later,4
Arq8,arq-8.com,US,Nano creatine,30,25,0,1,15,10,,,,1,N,0,In-house,Y,Not found,,,Not found,N,N,,Video-led,https://arq-8.com/products/arq8-creatine-monohydrate-gummies,Pass (26) filenames,31,7,6,3,47,Park,Later,4
Cata-Kor,trycatakor.com,US,NMN / longevity,170,150,0,2,5,5,,,,0,Y,4,UGC creators,N,Not found,,,Not found,N,N,,Video-led,https://www.amazon.com/s?k=cata-kor+nmn,Unverified (Amazon),31,10,10,3,54,Park,Later,4
Ora Organic,oraorganic.com,US,Plant protein / probiotics,150,100,0,2,30,25,,,,1,N,4,In-house,Y,Ron Chang,Co-founder,linkedin.com/company/ora-organic,N,N,N,,Video-led,https://ora.organic/products/organic-protein-powder,Unverified (custom site),33,10,10,7,60,B,Possible,3
AllFemme,allfemme.com,US,Women's probiotics,340,300,0,1,3,8,,,,0,Y,4,UGC creators,N,Not found,,,Not found,N,N,,Video-led,https://allfeams.com/products/flora,Pass (5) unverified,29,10,10,3,52,Park,Later,4
Eniva Health,eniva.com,US,Liquid vitamins,37,30,0,1,50,30,,,,0,N,8,In-house,N,Not found,,,Not found,N,N,,Mixed,https://eniva.com/vibe-daily-multi-vitamins/,Unverified (custom site),31,8,8,3,50,Park,Later,4
Skinesa,skinesa.com,US,Skin probiotic,80,70,0,2,16,8,,,,0,N,8,In-house,N,Eric Koepp,Founder,linkedin.com/company/skinesa,N,N,N,,Video-led,https://www.skinesa.com/products/skinesa-skin-probiotic,FAIL / weak,33,5,8,7,53,Park,Later,4
HappySupp,happysupp.com,US,Men's multivitamin,110,90,0,2,10,6,,,,0,N,8,In-house,N,Not found,,,Not found,N,N,,Video-led,https://happysupp.com/products/mens-multi,Pass (7) unverified,33,5,8,3,49,Park,Later,4
Four Sigmatic,foursigmatic.com,US,Mushroom coffee,27,15,0,2,40,50,,,,0,N,8,In-house,N,Not found,,,Not found,N,N,,Mixed,https://us.foursigmatic.com/products/focus-ground-coffee-dark-roast,Pass (4) filenames,28,8,8,3,47,Park,Later,4
Makks Health,makks.com,US,Black seed gummies,29,25,0,2,8,5,,,,0,Y,4,UGC creators,N,Not found,,,Not found,N,N,,Video-led,https://www.makks.com/products/black-seed-gummies-extra-strength,FAIL (2),26,10,10,3,49,Park,Later,4
Sovereign Laboratories,sovereignlaboratories.com,US,Colostrum,9,5,0,2,15,15,,,,0,N,8,In-house,N,Not found,,,Not found,N,N,,Video-led,https://www.sovereignlaboratories.com/product/colostrum-ld-powder-4oz.html,Unverified (custom site),23,8,8,3,42,Park,Unlikely,5
Pioneer Pam Goods,pioneerpam.com,US,Herbal tinctures,11,5,0,1,30,4,,,,0,N,8,In-house,N,Pam,Founder (nurse),,N,N,N,,Static,https://pioneerpam.com/products/naturesglp,Weak pass (3) filenames,22,5,8,7,42,Park,Unlikely,5
Nutrova,nutrova.com,US,Collagen,6,4,1,1,10,15,,,,0,N,4,In-house,N,,,,Not found,N,N,"Not US (Mumbai, India)",,,,25,8,4,3,0,Disqualified,Skip,6
MuscleMax Nutrition,officialmusclemax.com,US,Shilajit / T support,300,280,0,1,17,10,,,,0,N,4,In-house,N,,,,Not found,N,N,Not US (Australian store per products feed),,,,31,5,4,3,0,Disqualified,Skip,6
TryAlveta / Pure Rhythm,alvetashoponline.com,US,Magnesium complex,700,650,0,1,9,8,,,,0,N,4,In-house,N,,,,Not found,N,N,Verify country (EU transparency flag on ads); likely EU-based,,,,29,5,4,3,0,Disqualified,Skip,6
Nutral,trynutral.com,US,Berberine liquid,4,4,0,1,5,5,,,,0,N,4,In-house,N,,,,Not found,N,N,Under 10 ads and EU transparency flag,,,,19,5,4,3,0,Disqualified,Skip,6
Micro Ingredients,microingredients.com,US,Bulk supplements,800,600,2,2,300,250,,,,0,Y,4,UGC creators,N,,,,Not found,N,N,"Too large (200+ staff, major Amazon brand)",,,,37,5,10,3,0,Disqualified,Skip,6
Beli,belibaby.com,US,Prenatal,2,0,0,1,8,20,,,,0,N,0,Unknown,N,,,,Not found,N,N,No meaningful Meta ads (2 active),,,,11,8,0,3,0,Disqualified,Skip,6
